date,year,source_platform,source_name,region,metric_type,value,unit,category,notes,url
2019-12-31,2019,Government/AG,New York Attorney General,New York,ag_complaints,78,count,account_takeover,"Baseline cited in 2024 multistate AG letter as ~1/10th of 2023 level",https://www.theregister.com/2024/03/07/82_of_us_ags_agree/
2022-12-31,2022,Government/AG,Pennsylvania Attorney General,Pennsylvania,ag_complaints,150,count,account_takeover,"Starting point for PA's 270% rise to 2023",https://www.pressreader.com/usa/pittsburgh-post-gazette/20240311/281724094520161
2022-12-31,2022,Government/AG,Michigan Attorney General,Michigan,ag_complaints,50,count,account_takeover,"MI AG office complaint count for the year",https://www.yahoo.com/news/haunts-hackers-hijackers-lock-facebook-021350024.html
2023-12-31,2023,Government/AG,New York Attorney General,New York,ag_complaints,783,count,account_takeover,"More than tenfold increase vs 2019 baseline",https://www.theregister.com/2024/03/07/82_of_us_ags_agree/
2023-12-31,2023,Government/AG,Pennsylvania Attorney General,Pennsylvania,ag_complaints,556,count,account_takeover,"270% increase from 2022 (150 to 556)",https://www.pressreader.com/usa/pittsburgh-post-gazette/20240311/281724094520161
2023-12-31,2023,Government/AG,Michigan Attorney General,Michigan,ag_complaints,185,count,account_takeover,"MI AG office complaint count for the year",https://www.yahoo.com/news/haunts-hackers-hijackers-lock-facebook-021350024.html
2023-12-31,2023,Government/AG,Multistate AG Coalition (41 states),Vermont,pct_increase,740,percent,account_takeover,"Vermont year-over-year increase cited in multistate letter",https://www.theregister.com/2024/03/07/82_of_us_ags_agree/
2023-12-31,2023,Government/AG,Multistate AG Coalition (41 states),North Carolina,pct_increase,330,percent,account_takeover,"NC year-over-year increase cited in multistate letter",https://www.theregister.com/2024/03/07/82_of_us_ags_agree/
2023-12-31,2023,Government/AG,Multistate AG Coalition (41 states),Illinois,pct_increase,256,percent,account_takeover,"IL year-over-year increase cited in multistate letter",https://www.theregister.com/2024/03/07/82_of_us_ags_agree/
2024-03-05,2024,Government/AG,41 US State Attorneys General,National,event,1,letter,account_takeover,"Joint letter to Meta demanding action on 'dramatic and persistent spike' in account takeover/lockout complaints since 2022; cites possible link to Nov 2022 layoffs (~11,000 employees)",https://www.theregister.com/2024/03/07/82_of_us_ags_agree/
2024-12-31,2024,Government/AG,Michigan Attorney General,Michigan,ag_complaints,485,count,account_takeover,"MI AG office complaint count for the year",https://www.yahoo.com/news/haunts-hackers-hijackers-lock-facebook-021350024.html
2025-03-31,2025,Government/AG,Michigan Attorney General,Michigan,ag_complaints,127,count,account_takeover,"First few months of 2025 only (partial year)",https://www.yahoo.com/news/haunts-hackers-hijackers-lock-facebook-021350024.html
2025-06-30,2025,Meta Official,Meta company blog,Global,accounts_deleted,10000000,count,mass_purge,"Meta says it deleted 10M+ accounts in 'spam/inauthentic' purge, over 1M/month in H1 2025; some legitimate users caught up in it",https://www.aol.com/news/facebook-deletes-millions-accounts-heartbreaking-122441809.html
2025-06-30,2025,Reddit,r/MetaLawsuits,Global,anecdotal_report,1,post,mass_purge,"User post describing 'Meta ban wave' — business and autism-support-network account loss referenced in press coverage of the purge",https://www.aol.com/news/facebook-deletes-millions-accounts-heartbreaking-122441809.html
2025-07-25,2025,News Media,ABC7 Los Angeles (7 On Your Side),National/International,news_report,1,report,wrongful_disable,"Investigative report on wrongful Instagram/Facebook/WhatsApp suspensions; viewers from Florida, Texas, NYC, Iowa, and South Korea contacted the station",https://abc7.com/post/facebook-instagram-users-us-say-meta-wrongly-suspended-accounts/17281042/
2025-11-15,2025,News Media,CBS News Philadelphia (In Your Corner),National,news_report,1,report,wrongful_disable,"First reported on accounts disabled over false child-abuse-content allegations, after helping a Bucks County business owner",https://www.cbsnews.com/philadelphia/news/facebook-instagram-accounts-wrongly-banned-abuse-allegations/
2025-12-31,2025,Government/AG,Massachusetts Attorney General (via Boston 25 review),Massachusetts,ag_complaints,300,count,wrongful_disable,"More than 300 complaints against Meta logged in AG's public database in 2025",https://www.yahoo.com/news/articles/more-devastating-locked-meta-users-110932954.html
2026-01-30,2026,Petition,Change.org ("Hold Meta Accountable"),Global,petition_signatures,56000,count,wrongful_disable,"Petition accuses Meta of wrongfully disabling accounts with no human support; links to news coverage from US, Australia, Europe",https://www.yahoo.com/news/articles/more-devastating-locked-meta-users-110932954.html
2026-03-16,2026,News Media,CBS News Philadelphia (follow-up),National,news_report,1,report,wrongful_disable,"Follow-up report: thousands more users say accounts wrongly banned over child-abuse allegations with no explanation; ongoing civil trial testimony says AI moderation changes overwhelmed law enforcement with false reports",https://www.cbsnews.com/philadelphia/news/facebook-instagram-accounts-wrongly-banned-abuse-allegations/
2026-06-30,2026,Petition,Change.org ("Hold Meta Accountable"),Global,petition_signatures,65000,count,wrongful_disable,"Petition signatures grew to 65,000+; Meta Oversight Board received 750+ public comments and urges Meta to improve appeals transparency",https://www.wmar2news.com/matterformallory/locked-out-of-instagram-or-facebook-meta-oversight-board-calls-for-more-transparency
2026-06-30,2026,Government/Oversight Board,Meta Oversight Board,Global,event,750,public_comments,wrongful_disable,"Oversight Board case received more than 750 public comments on wrongful account disabling",https://www.wmar2news.com/matterformallory/locked-out-of-instagram-or-facebook-meta-oversight-board-calls-for-more-transparency
,,LinkedIn,Scott Oser (LinkedIn Pulse article),,anecdotal_report,1,post,wrongful_disable,"Individual LinkedIn Pulse post: 'The Day That Facebook Disabled My Account' — undated personal account, illustrative of LinkedIn as a complaint venue rather than a dated data point",https://www.linkedin.com/pulse/day-facebook-disabled-my-account-scott-oser
2026-05-01,2026,LinkedIn,Jack Oswald,Global,anecdotal_report,66,reactions,wrongful_disable,"Founder of Cancha (eCommerce). Personal FB disabled while sole admin; lost Ads Manager but Meta kept billing his card daily; warns founders to check admin permissions and diversify channels. Comments: 45, Reposts: 14.",https://lnkd.in/p/gEsrGDwg
2026-01-01,2026,LinkedIn,Michael Zipursky,Global,anecdotal_report,45,reactions,wrongful_disable,"Consulting business coach and podcast host. Account disabled with no reason given; company Instagram vanished too; Meta ads rep could not help, no way to reach a human. Comments: 98, Reposts: 1.",https://lnkd.in/p/gr8Ri2K4
2026-07-01,2026,LinkedIn,Brandon Gilliam,Global,anecdotal_report,19,reactions,wrongful_disable,"Cincinnati real estate agent. Automated system disabled his FB, taking linked Instagram and Meta Verified with it; argues livelihood-level decisions need a human appeal path. Comments: 9, Reposts: 2.",https://lnkd.in/p/gG5mxgwj
2026-03-01,2026,LinkedIn,Colin Tansley,Global,anecdotal_report,6,reactions,wrongful_disable,"Due diligence investigator. His and many other business FB accounts disabled; suspects it is tied to Meta pushing paid business support. Comments: 8, Reposts: 1.",https://lnkd.in/p/g8BF3JnJ
2026-05-01,2026,LinkedIn,Suzanne Connors,Global,anecdotal_report,1,reactions,wrongful_disable,"Owner of Aya Fiber Studio. Paying Meta Verified user who still lost her business page and main student channel mid-enrollment. Comments: 2.",https://lnkd.in/p/gTgtqUr3
2025-11-01,2025,LinkedIn,Erica Dlamini,Global,anecdotal_report,4,reactions,wrongful_disable,"Founder of Thaelle and Lynna Cosmetics. 14-year-old personal account permanently disabled and her business pages disappeared with it; Help Center was an endless loop.",https://lnkd.in/p/g8bCTP8W
2026-08-01,2026,LinkedIn,Tomislav Kis Cepegi,Global,anecdotal_report,0,reactions,wrongful_disable,"Photographer. Real personal account disabled; it was the only admin of his business Page.",https://lnkd.in/p/gEHe-GxQ
2026-09-01,2026,LinkedIn,Cemsid Esedov,Global,anecdotal_report,12,reactions,wrongful_disable,"Freelance web developer and SaaS founder. Instagram permanently disabled his QR Menu Now business account for ban evasion; appeal link broken; he was about to start paying for Meta ads. Comments: 1.",https://lnkd.in/p/gpbv9YVB
2026-04-01,2026,LinkedIn,Mide TKH,Global,anecdotal_report,10,reactions,wrongful_disable,"Founder of Rebirthed Makeup. Two-year-old business Instagram disabled by AI and the AI denied the appeal in seconds, just before a product launch; urges founders to diversify. Reposts: 7.",https://lnkd.in/p/gSQuHPQP
2026-08-01,2026,LinkedIn,Kathleen A D.,Global,anecdotal_report,6,reactions,wrongful_disable,"Founder of DD-Consultants, immigration consultant. Instagram disabled with no policy cited, taking a decade of client-facing work; asks Meta for human review for small businesses. Comments: 8.",https://lnkd.in/p/gfGDNRHQ
2026-07-15,2026,LinkedIn,Bijoyan Mondal,Global,anecdotal_report,4,reactions,account_disabled_general,"Founder of Alafiia Tourism. Six-year-old business Instagram permanently disabled after a new staff member entered the wrong date of birth. Comments: 15.",https://lnkd.in/p/gFS9Xu9C
2026-03-01,2026,LinkedIn,Divya Maru,Global,anecdotal_report,10,reactions,wrongful_disable,"Marketing and sales director. Six-year-old income-generating Instagram disabled without explanation; lesson is to build beyond platforms you do not control. Comments: 17.",https://lnkd.in/p/gu-kTfcb
2026-06-01,2026,LinkedIn,Kristine Arzumanian,Global,anecdotal_report,5,reactions,wrongful_disable,"Creator with 210K followers. Account disabled about 15 minutes after uploading ID; now cannot fulfill paid brand contracts and may face legal trouble. Comments: 8.",https://lnkd.in/p/gRJMsYCE
2025-11-01,2025,LinkedIn,Elizabeth Sacco,Global,anecdotal_report,4,reactions,mass_purge,"Verified creator. Caught in the July 2025 Meta ban wave; multiple support cases opened and closed with no fix; lost business partnerships. Comments: 4.",https://lnkd.in/p/gRefQrXi
2026-04-01,2026,LinkedIn,Yoram Volkers,Global,anecdotal_report,22,reactions,account_takeover,"Founder of Adwave agency. One compromised Business Manager user got a 200K euro/month client ad account disabled; Meta rep had no idea why; shares a 6-step prevention checklist. Comments: 7.",https://lnkd.in/p/gZNsCeve
2026-09-01,2026,LinkedIn,Shafatullah Shafai,Global,anecdotal_report,2,reactions,wrongful_disable,"Meta ads consultant for coaches. Own FB profile banned five times in six months for account integrity, cutting off access to every client asset each time.",https://lnkd.in/p/g4A-429v
2026-03-01,2026,LinkedIn,Andrej Tumachowitsch,Global,anecdotal_report,3,reactions,wrongful_disable,"Founder of HoloGrowth. A founder who was sole Business Manager admin lost access with 80 percent of revenue on Meta; includes a 10-minute protection checklist.",https://lnkd.in/p/g4xu359f
2026-06-01,2026,LinkedIn,Rita Zinger,Global,anecdotal_report,10,reactions,wrongful_disable,"Paid ads specialist. Client ad account flagged and disabled; walks through the five steps she used to restore it in 48 hours. Comments: 8.",https://lnkd.in/p/gSqpkq-n
2026-04-01,2026,LinkedIn,Kevin F.,Global,anecdotal_report,14,reactions,wrongful_disable,"Founder of Get Knowticed, ex-Google. Ad account bans come from risk scoring, not just policy breaks, so compliant businesses still get flagged; plan ahead. Comments: 8.",https://lnkd.in/p/g_63w6cf
2025-11-01,2025,LinkedIn,Bernice Orji,Global,anecdotal_report,4,reactions,wrongful_disable,"Growth marketer. Getting disabled mid-campaign kills deals, so compliance is survival; partly promotes her newsletter. Comments: 4.",https://lnkd.in/p/geGxmyDf
,,Forum,Tom's Guide Forums,,anecdotal_report,1,thread,account_disabled_general,"Multiple long-running user threads about disabled/hacked Facebook accounts and business page loss; undated recurring complaint venue",https://forums.tomsguide.com/threads/facebook-account-disabled.148686/post-614834
,,Community Forum,Shopify Community,,anecdotal_report,1,thread,ads_account_disabled,"Business owners reporting Facebook ad accounts and business pages being disabled/restricted, affecting e-commerce operations",https://community.shopify.com/t/facebook-business-page-ads-accounts-being-disabled-and-page-restricted/123458
